Name,Type,Tick,X,Y,Contamination
Menu,Item,0,1,3,0.00000000000000000
Fork,Item,0,1,2,0.00000000000000000
Table,Fixture,0,1,1,0.00000000000000000
Chair,Fixture,0,1,2,0.00000000000000000
